-- phpMyAdmin SQL Dump
-- version 5.2.0
-- https://www.phpmyadmin.net/
--
-- Servidor: 127.0.0.1
-- Tiempo de generaci칩n: 15-02-2023 a las 08:13:25
-- Versi칩n del servidor: 10.4.27-MariaDB
-- Versi칩n de PHP: 8.2.0

SET SQL_MODE = "NO_AUTO_VALUE_ON_ZERO";
START TRANSACTION;
SET time_zone = "+00:00";


/*!40101 SET @OLD_CHARACTER_SET_CLIENT=@@CHARACTER_SET_CLIENT */;
/*!40101 SET @OLD_CHARACTER_SET_RESULTS=@@CHARACTER_SET_RESULTS */;
/*!40101 SET @OLD_COLLATION_CONNECTION=@@COLLATION_CONNECTION */;
/*!40101 SET NAMES utf8mb4 */;

--
-- Base de datos: `zinema`
--

-- --------------------------------------------------------

--
-- Estructura de tabla para la tabla `areto`
--

CREATE TABLE `areto` (
  `ID_areto` int(11) NOT NULL,
  `areto_zbk` int(11) NOT NULL,
  `ID_zinema` int(11) DEFAULT NULL
) ENGINE=InnoDB DEFAULT CHARSET=utf8mb4 COLLATE=utf8mb4_general_ci;

--
-- Volcado de datos para la tabla `areto`
--

INSERT INTO `areto` (`ID_areto`, `areto_zbk`, `ID_zinema`) VALUES
(1, 1, 1),
(2, 2, 1),
(3, 3, 1),
(4, 1, 2),
(5, 2, 2),
(6, 3, 2),
(7, 1, 3),
(8, 2, 3),
(9, 3, 3),
(10, 1, 4),
(11, 2, 4),
(12, 3, 4);

-- --------------------------------------------------------

--
-- Estructura de tabla para la tabla `bezero`
--

CREATE TABLE `bezero` (
  `DNI` varchar(9) NOT NULL,
  `izena_bezero` varchar(50) NOT NULL,
  `abizen_1` varchar(30) NOT NULL,
  `abizen_2` varchar(30) NOT NULL,
  `sexua` enum('gizon','emakume') NOT NULL,
  `pasahitza` varchar(100) NOT NULL
) ENGINE=InnoDB DEFAULT CHARSET=utf8mb4 COLLATE=utf8mb4_general_ci;

-- --------------------------------------------------------

--
-- Estructura de tabla para la tabla `film`
--

CREATE TABLE `film` (
  `ID_film` int(11) NOT NULL,
  `tituloa` varchar(50) NOT NULL,
  `iraupena` varchar(5) NOT NULL,
  `generoa` varchar(20) NOT NULL,
  `prezioa` decimal(6,2) NOT NULL
) ENGINE=InnoDB DEFAULT CHARSET=utf8mb4 COLLATE=utf8mb4_general_ci;

--
-- Volcado de datos para la tabla `film`
--

INSERT INTO `film` (`ID_film`, `tituloa`, `iraupena`, `generoa`, `prezioa`) VALUES
(1, 'Handia', '116', 'Drama', '7.50'),
(2, 'La lista de Schindler', '197', 'Drama', '7.50'),
(3, 'Cadena Perpetua', '142', 'Drama', '7.50'),
(4, 'Million Dollar Baby', '133', 'Drama', '7.50'),
(5, '2001: Odisea en el espacio', '142', 'Sci-Fi', '5.00'),
(6, 'La novia de Frankenstein', '75', 'Sci-Fi', '5.00'),
(7, 'El planeta de los simios', '115', 'Sci-Fi', '5.00'),
(8, 'Alien, el octavo pasajero', '117', 'Sci-Fi', '5.00'),
(9, 'Scary movie', '90', 'Komedia', '8.00'),
(10, 'El gran Lebowsky', '119', 'Komedia', '8.00'),
(11, 'La vida de Brian', '94', 'Komedia', '8.00'),
(12, 'Aterriza como puedas', '88', 'Komedia', '8.00'),
(13, 'Psicosis', '109', 'Terror', '10.00'),
(14, 'El resplandor', '146', 'Terror', '10.00'),
(15, 'Dr치cula', '155', 'Terror', '10.00'),
(16, 'Cisne negro', '110', 'Terror', '10.00');

-- --------------------------------------------------------

--
-- Estructura de tabla para la tabla `saioa`
--

CREATE TABLE `saioa` (
  `ID_saioa` int(11) NOT NULL,
  `data` date NOT NULL,
  `ordua` time NOT NULL,
  `ID_areto` int(11) DEFAULT NULL,
  `ID_film` int(11) DEFAULT NULL,
  `bukaera_ordua` time NOT NULL
) ENGINE=InnoDB DEFAULT CHARSET=utf8mb4 COLLATE=utf8mb4_general_ci;

--
-- Volcado de datos para la tabla `saioa`
--

INSERT INTO `saioa` (`ID_saioa`, `data`, `ordua`, `ID_areto`, `ID_film`, `bukaera_ordua`) VALUES
(1, '2023-02-13', '17:00:00', 1, 4, '19:13:00'),
(2, '2023-02-13', '19:30:00', 1, 4, '21:43:00'),
(3, '2023-02-13', '17:00:00', 2, 13, '18:49:00'),
(4, '2023-02-13', '19:00:00', 2, 5, '21:22:00'),
(5, '2023-02-13', '17:00:00', 3, 11, '18:34:00'),
(6, '2023-02-13', '18:45:00', 3, 15, '21:20:00'),
(7, '2023-02-13', '17:00:00', 4, 15, '19:35:00'),
(8, '2023-02-13', '20:00:00', 4, 1, '21:56:00'),
(9, '2023-02-13', '17:00:00', 5, 7, '18:55:00'),
(10, '2023-02-13', '19:10:00', 5, 14, '21:36:00'),
(11, '2023-02-13', '17:00:00', 6, 2, '20:17:00'),
(12, '2023-02-13', '20:30:00', 6, 6, '21:45:00'),
(13, '2023-02-13', '17:00:00', 7, 3, '19:22:00'),
(14, '2023-02-13', '19:30:00', 7, 13, '21:19:00'),
(15, '2023-02-13', '17:00:00', 8, 4, '19:13:00'),
(16, '2023-02-13', '19:30:00', 8, 8, '21:27:00'),
(17, '2023-02-13', '17:00:00', 9, 6, '18:15:00'),
(18, '2023-02-13', '18:25:00', 9, 15, '21:00:00'),
(19, '2023-02-13', '17:00:00', 10, 13, '18:49:00'),
(20, '2023-02-13', '19:00:00', 10, 11, '20:34:00'),
(21, '2023-02-13', '17:00:00', 11, 9, '18:30:00'),
(22, '2023-02-13', '18:45:00', 11, 15, '21:15:00'),
(23, '2023-02-13', '17:00:00', 12, 11, '18:34:00'),
(24, '2023-02-13', '19:00:00', 12, 8, '20:57:00'),
(25, '2023-02-14', '17:00:00', 1, 10, '18:59:00'),
(26, '2023-02-14', '19:11:00', 1, 4, '21:24:00'),
(27, '2023-02-14', '17:00:00', 2, 4, '19:13:00'),
(28, '2023-02-14', '19:30:00', 3, 14, '21:56:00'),
(29, '2023-02-14', '17:00:00', 4, 14, '19:26:00'),
(30, '2023-02-14', '19:45:00', 4, 1, '21:41:00'),
(31, '2023-02-14', '17:00:00', 5, 8, '18:57:00'),
(32, '2023-02-14', '19:10:00', 5, 16, '21:00:00'),
(33, '2023-02-14', '17:00:00', 6, 2, '20:17:00'),
(34, '2023-02-14', '17:00:00', 7, 1, '18:56:00'),
(35, '2023-02-14', '19:10:00', 7, 9, '20:40:00'),
(36, '2023-02-14', '17:00:00', 8, 7, '18:55:00'),
(37, '2023-02-14', '19:11:00', 8, 16, '21:01:00'),
(38, '2023-02-14', '17:00:00', 9, 14, '19:26:00'),
(39, '2023-02-14', '19:38:00', 9, 5, '22:00:00'),
(40, '2023-02-14', '17:00:00', 10, 16, '18:50:00'),
(41, '2023-02-14', '19:10:00', 10, 9, '20:40:00'),
(42, '2023-02-14', '17:00:00', 11, 13, '18:49:00'),
(43, '2023-02-14', '19:00:00', 11, 14, '21:26:00'),
(44, '2023-02-14', '17:00:00', 12, 7, '18:55:00'),
(45, '2023-02-14', '19:12:00', 12, 3, '21:34:00'),
(46, '2023-02-15', '17:00:00', 1, 7, '18:55:00'),
(47, '2023-02-15', '19:10:00', 1, 16, '21:00:00'),
(48, '2023-02-15', '17:00:00', 2, 12, '18:28:00'),
(49, '2023-02-15', '18:45:00', 2, 3, '21:07:00'),
(50, '2023-02-15', '17:00:00', 3, 8, '18:57:00'),
(51, '2023-02-15', '19:15:00', 3, 14, '21:41:00'),
(52, '2023-02-15', '17:00:00', 4, 8, '18:57:00'),
(53, '2023-02-15', '19:11:00', 4, 13, '21:00:00'),
(54, '2023-02-15', '17:00:00', 5, 11, '19:34:00'),
(55, '2023-02-15', '19:45:00', 5, 4, '21:58:00'),
(56, '2023-02-15', '17:00:00', 6, 2, '20:17:00'),
(57, '2023-02-15', '20:30:00', 6, 15, '22:35:00'),
(58, '2023-02-15', '17:00:00', 7, 10, '18:59:00'),
(59, '2023-02-15', '19:15:00', 7, 8, '21:12:00'),
(60, '2023-02-15', '17:00:00', 8, 4, '19:13:00'),
(61, '2023-02-15', '19:25:00', 8, 6, '20:40:00'),
(62, '2023-02-15', '17:00:00', 9, 2, '20:17:00'),
(63, '2023-02-15', '17:00:00', 10, 10, '18:59:00'),
(64, '2023-02-15', '19:15:00', 10, 7, '21:14:00'),
(65, '2023-02-15', '17:00:00', 11, 13, '18:49:00'),
(66, '2023-02-15', '19:00:00', 11, 14, '21:26:00'),
(67, '2023-02-15', '17:00:00', 12, 10, '18:59:00'),
(68, '2023-02-16', '17:00:00', 1, 6, '18:15:00'),
(69, '2023-02-16', '18:25:00', 1, 5, '20:47:00'),
(70, '2023-02-16', '17:00:00', 2, 1, '18:56:00'),
(71, '2023-02-16', '19:10:00', 2, 9, '20:40:00'),
(72, '2023-02-16', '17:00:00', 3, 15, '18:35:00'),
(73, '2023-02-16', '18:50:00', 3, 7, '20:45:00'),
(74, '2023-02-16', '17:00:00', 4, 12, '18:28:00'),
(75, '2023-02-16', '18:45:00', 4, 6, '20:00:00'),
(76, '2023-02-16', '17:00:00', 5, 1, '18:56:00'),
(77, '2023-02-16', '19:10:00', 5, 12, '20:38:00'),
(78, '2023-02-16', '17:00:00', 6, 11, '18:30:00'),
(79, '2023-02-16', '18:45:00', 6, 13, '20:34:00'),
(80, '2023-02-16', '17:00:00', 7, 8, '18:57:00'),
(81, '2023-02-16', '19:10:00', 7, 11, '20:44:00'),
(82, '2023-02-16', '17:00:00', 8, 5, '19:22:00'),
(83, '2023-02-16', '19:30:00', 8, 14, '21:56:00'),
(84, '2023-02-16', '17:00:00', 9, 2, '20:16:00'),
(85, '2023-02-16', '20:30:00', 9, 12, '21:58:00'),
(86, '2023-02-16', '17:00:00', 10, 3, '19:22:00'),
(87, '2023-02-16', '19:35:00', 10, 8, '21:32:00'),
(88, '2023-02-16', '17:00:00', 11, 14, '19:26:00'),
(89, '2023-02-16', '19:40:00', 11, 8, '21:37:00'),
(90, '2023-02-16', '17:00:00', 12, 7, '18:55:00'),
(91, '2023-02-16', '19:10:00', 12, 9, '20:40:00'),
(92, '2023-02-17', '17:00:00', 1, 10, '18:59:00'),
(93, '2023-02-17', '17:00:00', 2, 3, '19:22:00'),
(94, '2023-02-17', '19:35:00', 2, 15, '22:10:00'),
(95, '2023-02-17', '17:00:00', 3, 10, '18:59:00'),
(96, '2023-02-17', '19:10:00', 3, 13, '20:10:00'),
(97, '2023-02-17', '17:00:00', 4, 3, '18:49:00'),
(98, '2023-02-17', '17:00:00', 5, 4, '19:13:00'),
(99, '2023-02-17', '19:25:00', 5, 3, '21:47:00'),
(100, '2023-02-17', '17:00:00', 6, 9, '18:30:00'),
(101, '2023-02-17', '18:45:00', 6, 4, '20:58:00'),
(102, '2023-02-17', '17:00:00', 7, 7, '18:55:00'),
(103, '2023-02-17', '19:10:00', 7, 8, '21:08:00'),
(104, '2023-02-17', '17:00:00', 8, 10, '18:59:00'),
(105, '2023-02-17', '19:10:00', 8, 7, '19:05:00'),
(106, '2023-02-17', '17:00:00', 9, 16, '18:50:00'),
(107, '2023-02-17', '19:10:00', 9, 9, '20:40:00'),
(108, '2023-02-17', '17:00:00', 10, 12, '18:28:00'),
(109, '2023-02-17', '18:40:00', 10, 1, '20:36:00'),
(110, '2023-02-17', '20:50:00', 10, 12, '22:18:00'),
(111, '2023-02-17', '17:00:00', 11, 11, '18:34:00'),
(112, '2023-02-17', '18:50:00', 11, 4, '21:03:00'),
(113, '2023-02-17', '17:00:00', 12, 15, '19:35:00'),
(114, '2023-02-17', '19:45:00', 12, 16, '21:35:00'),
(115, '2023-02-18', '17:00:00', 1, 12, '18:28:00'),
(116, '2023-02-18', '18:45:00', 1, 8, '20:42:00'),
(117, '2023-02-18', '20:50:00', 1, 11, '22:24:00'),
(118, '2023-02-18', '17:00:00', 2, 9, '18:30:00'),
(119, '2023-02-18', '18:45:00', 2, 1, '20:24:00'),
(120, '2023-02-18', '20:40:00', 2, 6, '21:55:00'),
(121, '2023-02-18', '17:00:00', 3, 11, '18:34:00'),
(122, '2023-02-18', '18:45:00', 3, 3, '21:07:00'),
(123, '2023-02-18', '17:00:00', 4, 1, '18:56:00'),
(124, '2023-02-18', '19:10:00', 4, 12, '20:48:00'),
(125, '2023-02-18', '17:00:00', 5, 3, '19:22:00'),
(126, '2023-02-18', '19:35:00', 5, 11, '21:44:00'),
(127, '2023-02-18', '17:00:00', 6, 10, '18:59:00'),
(128, '2023-02-18', '19:10:00', 6, 4, '21:43:00'),
(129, '2023-02-18', '17:00:00', 7, 12, '18:28:00'),
(130, '2023-02-18', '18:45:00', 7, 10, '20:44:00'),
(131, '2023-02-18', '17:00:00', 8, 11, '18:34:00'),
(132, '2023-02-18', '18:50:00', 8, 3, '21:12:00'),
(133, '2023-02-18', '17:00:00', 9, 9, '18:30:00'),
(134, '2023-02-18', '18:45:00', 9, 12, '20:13:00'),
(135, '2023-02-18', '20:25:00', 9, 13, '22:14:00'),
(136, '2023-02-18', '17:00:00', 10, 11, '18:34:00'),
(137, '2023-02-18', '18:50:00', 10, 15, '21:25:00'),
(138, '2023-02-18', '17:00:00', 11, 14, '19:26:00'),
(139, '2023-02-18', '19:40:00', 11, 3, '22:02:00'),
(140, '2023-02-18', '17:00:00', 12, 12, '18:28:00'),
(141, '2023-02-18', '18:45:00', 12, 13, '20:44:00'),
(142, '2023-02-20', '17:00:00', 1, 4, '19:13:00'),
(143, '2023-02-20', '19:30:00', 1, 4, '21:43:00'),
(144, '2023-02-20', '17:00:00', 2, 13, '18:49:00'),
(145, '2023-02-20', '19:00:00', 2, 5, '21:22:00'),
(146, '2023-02-20', '17:00:00', 3, 11, '18:34:00'),
(147, '2023-02-20', '18:45:00', 3, 15, '21:20:00'),
(148, '2023-02-20', '17:00:00', 4, 15, '19:35:00'),
(149, '2023-02-20', '20:00:00', 4, 1, '21:56:00'),
(150, '2023-02-20', '17:00:00', 5, 7, '18:55:00'),
(151, '2023-02-20', '19:10:00', 5, 14, '21:36:00'),
(152, '2023-02-20', '17:00:00', 6, 2, '20:17:00'),
(153, '2023-02-20', '20:30:00', 6, 6, '21:45:00'),
(154, '2023-02-20', '17:00:00', 7, 3, '19:22:00'),
(155, '2023-02-20', '19:30:00', 7, 13, '21:19:00'),
(156, '2023-02-20', '17:00:00', 8, 4, '19:13:00'),
(157, '2023-02-20', '19:30:00', 8, 8, '21:27:00'),
(158, '2023-02-20', '17:00:00', 9, 6, '18:15:00'),
(159, '2023-02-20', '18:25:00', 9, 15, '21:00:00'),
(160, '2023-02-20', '17:00:00', 10, 13, '18:49:00'),
(161, '2023-02-20', '19:00:00', 10, 11, '20:34:00'),
(162, '2023-02-20', '17:00:00', 11, 9, '18:30:00'),
(163, '2023-02-20', '18:45:00', 11, 15, '21:15:00'),
(164, '2023-02-20', '17:00:00', 12, 11, '18:34:00'),
(165, '2023-02-20', '19:00:00', 12, 8, '20:57:00'),
(166, '2023-02-21', '17:00:00', 1, 10, '18:59:00'),
(167, '2023-02-21', '19:11:00', 1, 4, '21:24:00'),
(168, '2023-02-21', '17:00:00', 2, 4, '19:13:00'),
(169, '2023-02-21', '19:30:00', 3, 14, '21:56:00'),
(170, '2023-02-21', '17:00:00', 4, 14, '19:26:00'),
(171, '2023-02-21', '19:45:00', 4, 1, '21:41:00'),
(172, '2023-02-21', '17:00:00', 5, 8, '18:57:00'),
(173, '2023-02-21', '19:10:00', 5, 16, '21:00:00'),
(174, '2023-02-21', '17:00:00', 6, 2, '20:17:00'),
(175, '2023-02-21', '17:00:00', 7, 1, '18:56:00'),
(176, '2023-02-21', '19:10:00', 7, 9, '20:40:00'),
(177, '2023-02-21', '17:00:00', 8, 7, '18:55:00'),
(178, '2023-02-21', '19:11:00', 8, 16, '21:01:00'),
(179, '2023-02-21', '17:00:00', 9, 14, '19:26:00'),
(180, '2023-02-21', '19:38:00', 9, 5, '22:00:00'),
(181, '2023-02-21', '17:00:00', 10, 16, '18:50:00'),
(182, '2023-02-21', '19:10:00', 10, 9, '20:40:00'),
(183, '2023-02-21', '17:00:00', 11, 13, '18:49:00'),
(184, '2023-02-21', '19:00:00', 11, 14, '21:26:00'),
(185, '2023-02-21', '17:00:00', 12, 7, '18:55:00'),
(186, '2023-02-21', '19:12:00', 12, 3, '21:34:00'),
(187, '2023-02-22', '17:00:00', 1, 7, '18:55:00'),
(188, '2023-02-22', '19:10:00', 1, 16, '21:00:00'),
(189, '2023-02-22', '17:00:00', 2, 12, '18:28:00'),
(190, '2023-02-22', '18:45:00', 2, 3, '21:07:00'),
(191, '2023-02-22', '17:00:00', 3, 8, '18:57:00'),
(192, '2023-02-22', '19:15:00', 3, 14, '21:41:00'),
(193, '2023-02-22', '17:00:00', 4, 8, '18:57:00'),
(194, '2023-02-22', '19:11:00', 4, 13, '21:00:00'),
(195, '2023-02-22', '17:00:00', 5, 11, '19:34:00'),
(196, '2023-02-22', '19:45:00', 5, 4, '21:58:00'),
(197, '2023-02-22', '17:00:00', 6, 2, '20:17:00'),
(198, '2023-02-22', '20:30:00', 6, 15, '22:35:00'),
(199, '2023-02-22', '17:00:00', 7, 10, '18:59:00'),
(200, '2023-02-22', '19:15:00', 7, 8, '21:12:00'),
(201, '2023-02-22', '17:00:00', 8, 4, '19:13:00'),
(202, '2023-02-22', '19:25:00', 8, 6, '20:40:00'),
(203, '2023-02-22', '17:00:00', 9, 2, '20:17:00'),
(204, '2023-02-22', '17:00:00', 10, 10, '18:59:00'),
(205, '2023-02-22', '19:15:00', 10, 7, '21:14:00'),
(206, '2023-02-22', '17:00:00', 11, 13, '18:49:00'),
(207, '2023-02-22', '19:00:00', 11, 14, '21:26:00'),
(208, '2023-02-22', '17:00:00', 12, 10, '18:59:00'),
(209, '2023-02-23', '17:00:00', 1, 6, '18:15:00'),
(210, '2023-02-23', '18:25:00', 1, 5, '20:47:00'),
(211, '2023-02-23', '17:00:00', 2, 1, '18:56:00'),
(212, '2023-02-23', '19:10:00', 2, 9, '20:40:00'),
(213, '2023-02-23', '17:00:00', 3, 15, '18:35:00'),
(214, '2023-02-23', '18:50:00', 3, 7, '20:45:00'),
(215, '2023-02-23', '17:00:00', 4, 12, '18:28:00'),
(216, '2023-02-23', '18:45:00', 4, 6, '20:00:00'),
(217, '2023-02-23', '17:00:00', 5, 1, '18:56:00'),
(218, '2023-02-23', '19:10:00', 5, 12, '20:38:00'),
(219, '2023-02-23', '17:00:00', 6, 11, '18:30:00'),
(220, '2023-02-23', '18:45:00', 6, 13, '20:34:00'),
(221, '2023-02-23', '17:00:00', 7, 8, '18:57:00'),
(222, '2023-02-23', '19:10:00', 7, 11, '20:44:00'),
(223, '2023-02-23', '17:00:00', 8, 5, '19:22:00'),
(224, '2023-02-23', '19:30:00', 8, 14, '21:56:00'),
(225, '2023-02-23', '17:00:00', 9, 2, '20:17:00'),
(226, '2023-02-23', '20:30:00', 9, 12, '21:58:00'),
(227, '2023-02-23', '17:00:00', 10, 3, '19:22:00'),
(228, '2023-02-23', '19:35:00', 10, 8, '21:32:00'),
(229, '2023-02-23', '17:00:00', 11, 14, '19:26:00'),
(230, '2023-02-23', '19:40:00', 11, 8, '21:37:00'),
(231, '2023-02-23', '17:00:00', 12, 7, '18:55:00'),
(232, '2023-02-23', '19:10:00', 12, 9, '20:40:00'),
(233, '2023-02-24', '17:00:00', 1, 10, '18:59:00'),
(234, '2023-02-24', '17:00:00', 2, 3, '19:22:00'),
(235, '2023-02-24', '19:35:00', 2, 15, '22:10:00'),
(236, '2023-02-24', '17:00:00', 3, 10, '18:59:00'),
(237, '2023-02-24', '19:10:00', 3, 13, '20:10:00'),
(238, '2023-02-24', '17:00:00', 4, 3, '18:49:00'),
(239, '2023-02-24', '17:00:00', 5, 4, '19:13:00'),
(240, '2023-02-24', '19:25:00', 5, 3, '21:47:00'),
(241, '2023-02-24', '17:00:00', 6, 9, '18:30:00'),
(242, '2023-02-24', '18:45:00', 6, 4, '20:58:00'),
(243, '2023-02-24', '17:00:00', 7, 7, '18:55:00'),
(244, '2023-02-24', '19:10:00', 7, 8, '21:08:00'),
(245, '2023-02-24', '17:00:00', 8, 10, '18:59:00'),
(246, '2023-02-24', '19:10:00', 8, 7, '19:05:00'),
(247, '2023-02-24', '17:00:00', 9, 16, '18:50:00'),
(248, '2023-02-24', '19:10:00', 9, 9, '20:40:00'),
(249, '2023-02-24', '17:00:00', 10, 12, '18:28:00'),
(250, '2023-02-24', '18:40:00', 10, 1, '20:36:00'),
(251, '2023-02-24', '20:50:00', 10, 12, '22:18:00'),
(252, '2023-02-24', '17:00:00', 11, 11, '18:34:00'),
(253, '2023-02-24', '18:50:00', 11, 4, '21:03:00'),
(254, '2023-02-24', '17:00:00', 12, 15, '19:35:00'),
(255, '2023-02-24', '19:45:00', 12, 16, '21:35:00'),
(256, '2023-02-25', '17:00:00', 1, 12, '18:28:00'),
(257, '2023-02-25', '18:45:00', 1, 8, '20:42:00'),
(258, '2023-02-25', '20:50:00', 1, 11, '22:24:00'),
(259, '2023-02-25', '17:00:00', 2, 9, '18:30:00'),
(260, '2023-02-25', '18:45:00', 2, 1, '20:24:00'),
(261, '2023-02-25', '20:40:00', 2, 6, '21:55:00'),
(262, '2023-02-25', '17:00:00', 3, 11, '18:34:00'),
(263, '2023-02-25', '18:45:00', 3, 3, '21:07:00'),
(264, '2023-02-25', '17:00:00', 4, 1, '18:56:00'),
(265, '2023-02-25', '19:10:00', 4, 12, '20:48:00'),
(266, '2023-02-25', '17:00:00', 5, 3, '19:22:00'),
(267, '2023-02-25', '19:35:00', 5, 11, '21:44:00'),
(268, '2023-02-25', '17:00:00', 6, 10, '18:59:00'),
(269, '2023-02-25', '19:10:00', 6, 4, '21:43:00'),
(270, '2023-02-25', '17:00:00', 7, 12, '18:28:00'),
(271, '2023-02-25', '18:45:00', 7, 10, '20:44:00'),
(272, '2023-02-25', '17:00:00', 8, 11, '18:34:00'),
(273, '2023-02-25', '18:50:00', 8, 3, '21:12:00'),
(274, '2023-02-25', '17:00:00', 9, 9, '18:30:00'),
(275, '2023-02-25', '18:45:00', 9, 12, '20:13:00'),
(276, '2023-02-25', '20:25:00', 9, 13, '22:14:00'),
(277, '2023-02-25', '17:00:00', 10, 11, '18:34:00'),
(278, '2023-02-25', '18:50:00', 10, 15, '21:25:00'),
(279, '2023-02-25', '17:00:00', 11, 14, '19:26:00'),
(280, '2023-02-25', '19:40:00', 11, 3, '22:02:00'),
(281, '2023-02-25', '17:00:00', 12, 12, '18:28:00'),
(282, '2023-02-25', '18:45:00', 12, 13, '20:44:00'),
(283, '2023-02-27', '17:00:00', 1, 4, '19:13:00'),
(284, '2023-02-27', '19:30:00', 1, 4, '21:43:00'),
(285, '2023-02-27', '17:00:00', 2, 13, '18:49:00'),
(286, '2023-02-27', '19:00:00', 2, 5, '21:22:00'),
(287, '2023-02-27', '17:00:00', 3, 11, '18:34:00'),
(288, '2023-02-27', '18:45:00', 3, 15, '21:20:00'),
(289, '2023-02-27', '17:00:00', 4, 15, '19:35:00'),
(290, '2023-02-27', '20:00:00', 4, 1, '21:56:00'),
(291, '2023-02-27', '17:00:00', 5, 7, '18:55:00'),
(292, '2023-02-27', '19:10:00', 5, 14, '21:36:00'),
(293, '2023-02-27', '17:00:00', 6, 2, '20:17:00'),
(294, '2023-02-27', '20:30:00', 6, 6, '21:45:00'),
(295, '2023-02-27', '17:00:00', 7, 3, '19:22:00'),
(296, '2023-02-27', '19:30:00', 7, 13, '21:19:00'),
(297, '2023-02-27', '17:00:00', 8, 4, '19:13:00'),
(298, '2023-02-27', '19:30:00', 8, 8, '21:27:00'),
(299, '2023-02-27', '17:00:00', 9, 6, '18:15:00'),
(300, '2023-02-27', '18:25:00', 9, 15, '21:00:00'),
(301, '2023-02-27', '17:00:00', 10, 13, '18:49:00'),
(302, '2023-02-27', '19:00:00', 10, 11, '20:34:00'),
(303, '2023-02-27', '17:00:00', 11, 9, '18:30:00'),
(304, '2023-02-27', '18:45:00', 11, 15, '21:15:00'),
(305, '2023-02-27', '17:00:00', 12, 11, '18:34:00'),
(306, '2023-02-27', '19:00:00', 12, 8, '20:57:00'),
(307, '2023-02-28', '17:00:00', 1, 10, '18:59:00'),
(308, '2023-02-28', '19:11:00', 1, 4, '21:24:00'),
(309, '2023-02-28', '17:00:00', 2, 4, '19:13:00'),
(310, '2023-02-28', '19:30:00', 3, 14, '21:56:00'),
(311, '2023-02-28', '17:00:00', 4, 14, '19:26:00'),
(312, '2023-02-28', '19:45:00', 4, 1, '21:41:00'),
(313, '2023-02-28', '17:00:00', 5, 8, '18:57:00'),
(314, '2023-02-28', '19:10:00', 5, 16, '21:00:00'),
(315, '2023-02-28', '17:00:00', 6, 2, '20:17:00'),
(316, '2023-02-28', '17:00:00', 7, 1, '18:56:00'),
(317, '2023-02-28', '19:10:00', 7, 9, '20:40:00'),
(318, '2023-02-28', '17:00:00', 8, 7, '18:55:00'),
(319, '2023-02-28', '19:11:00', 8, 16, '21:01:00'),
(320, '2023-02-28', '17:00:00', 9, 14, '19:26:00'),
(321, '2023-02-28', '19:38:00', 9, 5, '22:00:00'),
(322, '2023-02-28', '17:00:00', 10, 16, '18:50:00'),
(323, '2023-02-28', '19:10:00', 10, 9, '20:40:00'),
(324, '2023-02-28', '17:00:00', 11, 13, '18:49:00'),
(325, '2023-02-28', '19:00:00', 11, 14, '21:26:00'),
(326, '2023-02-28', '17:00:00', 12, 7, '18:55:00'),
(327, '2023-02-28', '19:12:00', 12, 3, '21:34:00'),
(328, '2023-03-01', '17:00:00', 1, 7, '18:55:00'),
(329, '2023-03-01', '19:10:00', 1, 16, '21:00:00'),
(330, '2023-03-01', '17:00:00', 2, 12, '18:28:00'),
(331, '2023-03-01', '18:45:00', 2, 3, '21:07:00'),
(332, '2023-03-01', '17:00:00', 3, 8, '18:57:00'),
(333, '2023-03-01', '19:15:00', 3, 14, '21:41:00'),
(334, '2023-03-01', '17:00:00', 4, 8, '18:57:00'),
(335, '2023-03-01', '19:11:00', 4, 13, '21:00:00'),
(336, '2023-03-01', '17:00:00', 5, 11, '19:34:00'),
(337, '2023-03-01', '19:45:00', 5, 4, '21:58:00'),
(338, '2023-03-01', '17:00:00', 6, 2, '20:17:00'),
(339, '2023-03-01', '20:30:00', 6, 15, '22:35:00'),
(340, '2023-03-01', '17:00:00', 7, 10, '18:59:00'),
(341, '2023-03-01', '19:15:00', 7, 8, '21:12:00'),
(342, '2023-03-01', '17:00:00', 8, 4, '19:13:00'),
(343, '2023-03-01', '19:25:00', 8, 6, '20:40:00'),
(344, '2023-03-01', '17:00:00', 9, 2, '20:17:00'),
(345, '2023-03-01', '17:00:00', 10, 10, '18:59:00'),
(346, '2023-03-01', '19:15:00', 10, 7, '21:14:00'),
(347, '2023-03-01', '17:00:00', 11, 13, '18:49:00'),
(348, '2023-03-01', '19:00:00', 11, 14, '21:26:00'),
(349, '2023-03-01', '17:00:00', 12, 10, '18:59:00'),
(350, '2023-03-02', '17:00:00', 1, 6, '18:15:00'),
(351, '2023-03-02', '18:25:00', 1, 5, '20:47:00'),
(352, '2023-03-02', '17:00:00', 2, 1, '18:56:00'),
(353, '2023-03-02', '19:10:00', 2, 9, '20:40:00'),
(354, '2023-03-02', '17:00:00', 3, 15, '18:35:00'),
(355, '2023-03-02', '18:50:00', 3, 7, '20:45:00'),
(356, '2023-03-02', '17:00:00', 4, 12, '18:28:00'),
(357, '2023-03-02', '18:45:00', 4, 6, '20:00:00'),
(358, '2023-03-02', '17:00:00', 5, 1, '18:56:00'),
(359, '2023-03-02', '19:10:00', 5, 12, '20:38:00'),
(360, '2023-03-02', '17:00:00', 6, 11, '18:30:00'),
(361, '2023-03-02', '18:45:00', 6, 13, '20:34:00'),
(362, '2023-03-02', '17:00:00', 7, 8, '18:57:00'),
(363, '2023-03-02', '19:10:00', 7, 11, '20:44:00'),
(364, '2023-03-02', '17:00:00', 8, 5, '19:22:00'),
(365, '2023-03-02', '19:30:00', 8, 14, '21:56:00'),
(366, '2023-03-02', '17:00:00', 9, 2, '20:17:00'),
(367, '2023-03-02', '20:30:00', 9, 12, '21:58:00'),
(368, '2023-03-02', '17:00:00', 10, 3, '19:22:00'),
(369, '2023-03-02', '19:35:00', 10, 8, '21:32:00'),
(370, '2023-03-02', '17:00:00', 11, 14, '19:26:00'),
(371, '2023-03-02', '19:40:00', 11, 8, '21:37:00'),
(372, '2023-03-02', '17:00:00', 12, 7, '18:55:00'),
(373, '2023-03-02', '19:10:00', 12, 9, '20:40:00'),
(374, '2023-03-03', '17:00:00', 1, 10, '18:59:00'),
(375, '2023-03-03', '17:00:00', 2, 3, '19:22:00'),
(376, '2023-03-03', '19:35:00', 2, 15, '22:10:00'),
(377, '2023-03-03', '17:00:00', 3, 10, '18:59:00'),
(378, '2023-03-03', '19:10:00', 3, 13, '20:10:00'),
(379, '2023-03-03', '17:00:00', 4, 3, '18:49:00'),
(380, '2023-03-03', '17:00:00', 5, 4, '19:13:00'),
(381, '2023-03-03', '19:25:00', 5, 3, '21:47:00'),
(382, '2023-03-03', '17:00:00', 6, 9, '18:30:00'),
(383, '2023-03-03', '18:45:00', 6, 4, '20:58:00'),
(384, '2023-03-03', '17:00:00', 7, 7, '18:55:00'),
(385, '2023-03-03', '19:10:00', 7, 8, '21:08:00'),
(386, '2023-03-03', '17:00:00', 8, 10, '18:59:00'),
(387, '2023-03-03', '19:10:00', 8, 7, '19:05:00'),
(388, '2023-03-03', '17:00:00', 9, 16, '18:50:00'),
(389, '2023-03-03', '19:10:00', 9, 9, '20:40:00'),
(390, '2023-03-03', '17:00:00', 10, 12, '18:28:00'),
(391, '2023-03-03', '18:40:00', 10, 1, '20:36:00'),
(392, '2023-03-03', '20:50:00', 10, 12, '22:18:00'),
(393, '2023-03-03', '17:00:00', 11, 11, '18:34:00'),
(394, '2023-03-03', '18:50:00', 11, 4, '21:03:00'),
(395, '2023-03-03', '17:00:00', 12, 15, '19:35:00'),
(396, '2023-03-03', '19:45:00', 12, 16, '21:35:00'),
(397, '2023-03-04', '17:00:00', 1, 12, '18:28:00'),
(398, '2023-03-04', '18:45:00', 1, 8, '20:42:00'),
(399, '2023-03-04', '20:50:00', 1, 11, '22:24:00'),
(400, '2023-03-04', '17:00:00', 2, 9, '18:30:00'),
(401, '2023-03-04', '18:45:00', 2, 1, '20:24:00'),
(402, '2023-03-04', '20:40:00', 2, 6, '21:55:00'),
(403, '2023-03-04', '17:00:00', 3, 11, '18:34:00'),
(404, '2023-03-04', '18:45:00', 3, 3, '21:07:00'),
(405, '2023-03-04', '17:00:00', 4, 1, '18:56:00'),
(406, '2023-03-04', '19:10:00', 4, 12, '20:48:00'),
(407, '2023-03-04', '17:00:00', 5, 3, '19:22:00'),
(408, '2023-03-04', '19:35:00', 5, 11, '21:44:00'),
(409, '2023-03-04', '17:00:00', 6, 10, '18:59:00'),
(410, '2023-03-04', '19:10:00', 6, 4, '21:43:00'),
(411, '2023-03-04', '17:00:00', 7, 12, '18:28:00'),
(412, '2023-03-04', '18:45:00', 7, 10, '20:44:00'),
(413, '2023-03-04', '17:00:00', 8, 11, '18:34:00'),
(414, '2023-03-04', '18:50:00', 8, 3, '21:12:00'),
(415, '2023-03-04', '17:00:00', 9, 9, '18:30:00'),
(416, '2023-03-04', '18:45:00', 9, 12, '20:13:00'),
(417, '2023-03-04', '20:25:00', 9, 13, '22:14:00'),
(418, '2023-03-04', '17:00:00', 10, 11, '18:34:00'),
(419, '2023-03-04', '18:50:00', 10, 15, '21:25:00'),
(420, '2023-03-04', '17:00:00', 11, 14, '19:26:00'),
(421, '2023-03-04', '19:40:00', 11, 3, '22:02:00'),
(422, '2023-03-04', '17:00:00', 12, 12, '18:28:00'),
(423, '2023-03-04', '18:45:00', 12, 13, '20:44:00'),
(424, '2023-03-06', '17:00:00', 1, 4, '19:13:00'),
(425, '2023-03-06', '19:30:00', 1, 4, '21:43:00'),
(426, '2023-03-06', '17:00:00', 2, 13, '18:49:00'),
(427, '2023-03-06', '19:00:00', 2, 5, '21:22:00'),
(428, '2023-03-06', '17:00:00', 3, 11, '18:34:00'),
(429, '2023-03-06', '18:45:00', 3, 15, '21:20:00'),
(430, '2023-03-06', '17:00:00', 4, 15, '19:35:00'),
(431, '2023-03-06', '20:00:00', 4, 1, '21:56:00'),
(432, '2023-03-06', '17:00:00', 5, 7, '18:55:00'),
(433, '2023-03-06', '19:10:00', 5, 14, '21:36:00'),
(434, '2023-03-06', '17:00:00', 6, 2, '20:17:00'),
(435, '2023-03-06', '20:30:00', 6, 6, '21:45:00'),
(436, '2023-03-06', '17:00:00', 7, 3, '19:22:00'),
(437, '2023-03-06', '19:30:00', 7, 13, '21:19:00'),
(438, '2023-03-06', '17:00:00', 8, 4, '19:13:00'),
(439, '2023-03-06', '19:30:00', 8, 8, '21:27:00'),
(440, '2023-03-06', '17:00:00', 9, 6, '18:15:00'),
(441, '2023-03-06', '18:25:00', 9, 15, '21:00:00'),
(442, '2023-03-06', '17:00:00', 10, 13, '18:49:00'),
(443, '2023-03-06', '19:00:00', 10, 11, '20:34:00'),
(444, '2023-03-06', '17:00:00', 11, 9, '18:30:00'),
(445, '2023-03-06', '18:45:00', 11, 15, '21:15:00'),
(446, '2023-03-06', '17:00:00', 12, 11, '18:34:00'),
(447, '2023-03-06', '19:00:00', 12, 8, '20:57:00'),
(448, '2023-03-07', '17:00:00', 1, 10, '18:59:00'),
(449, '2023-03-07', '19:11:00', 1, 4, '21:24:00'),
(450, '2023-03-07', '17:00:00', 2, 4, '19:13:00'),
(451, '2023-03-07', '19:30:00', 3, 14, '21:56:00'),
(452, '2023-03-07', '17:00:00', 4, 14, '19:26:00'),
(453, '2023-03-07', '19:45:00', 4, 1, '21:41:00'),
(454, '2023-03-07', '17:00:00', 5, 8, '18:57:00'),
(455, '2023-03-07', '19:10:00', 5, 16, '21:00:00'),
(456, '2023-03-07', '17:00:00', 6, 2, '20:17:00'),
(457, '2023-03-07', '17:00:00', 7, 1, '18:56:00'),
(458, '2023-03-07', '19:10:00', 7, 9, '20:40:00'),
(459, '2023-03-07', '17:00:00', 8, 7, '18:55:00'),
(460, '2023-03-07', '19:11:00', 8, 16, '21:01:00'),
(461, '2023-03-07', '17:00:00', 9, 14, '19:26:00'),
(462, '2023-03-07', '19:38:00', 9, 5, '22:00:00'),
(463, '2023-03-07', '17:00:00', 10, 16, '18:50:00'),
(464, '2023-03-07', '19:10:00', 10, 9, '20:40:00'),
(465, '2023-03-07', '17:00:00', 11, 13, '18:49:00'),
(466, '2023-03-07', '19:00:00', 11, 14, '21:26:00'),
(467, '2023-03-07', '17:00:00', 12, 7, '18:55:00'),
(468, '2023-03-07', '19:12:00', 12, 3, '21:34:00'),
(469, '2023-03-08', '17:00:00', 1, 7, '18:55:00'),
(470, '2023-03-08', '19:10:00', 1, 16, '21:00:00'),
(471, '2023-03-08', '17:00:00', 2, 12, '18:28:00'),
(472, '2023-03-08', '18:45:00', 2, 3, '21:07:00'),
(473, '2023-03-08', '17:00:00', 3, 8, '18:57:00'),
(474, '2023-03-08', '19:15:00', 3, 14, '21:41:00'),
(475, '2023-03-08', '17:00:00', 4, 8, '18:57:00'),
(476, '2023-03-08', '19:11:00', 4, 13, '21:00:00'),
(477, '2023-03-08', '17:00:00', 5, 11, '19:34:00'),
(478, '2023-03-08', '19:45:00', 5, 4, '21:58:00'),
(479, '2023-03-08', '17:00:00', 6, 2, '20:17:00'),
(480, '2023-03-08', '20:30:00', 6, 15, '22:35:00'),
(481, '2023-03-08', '17:00:00', 7, 10, '18:59:00'),
(482, '2023-03-08', '19:15:00', 7, 8, '21:12:00'),
(483, '2023-03-08', '17:00:00', 8, 4, '19:13:00'),
(484, '2023-03-08', '19:25:00', 8, 6, '20:40:00'),
(485, '2023-03-08', '17:00:00', 9, 2, '20:17:00'),
(486, '2023-03-08', '17:00:00', 10, 10, '18:59:00'),
(487, '2023-03-08', '19:15:00', 10, 7, '21:14:00'),
(488, '2023-03-08', '17:00:00', 11, 13, '18:49:00'),
(489, '2023-03-08', '19:00:00', 11, 14, '21:26:00'),
(490, '2023-03-08', '17:00:00', 12, 10, '18:59:00'),
(491, '2023-03-09', '17:00:00', 1, 6, '18:15:00'),
(492, '2023-03-09', '18:25:00', 1, 5, '20:47:00'),
(493, '2023-03-09', '17:00:00', 2, 1, '18:56:00'),
(494, '2023-03-09', '19:10:00', 2, 9, '20:40:00'),
(495, '2023-03-09', '17:00:00', 3, 15, '18:35:00'),
(496, '2023-03-09', '18:50:00', 3, 7, '20:45:00'),
(497, '2023-03-09', '17:00:00', 4, 12, '18:28:00'),
(498, '2023-03-09', '18:45:00', 4, 6, '20:00:00'),
(499, '2023-03-09', '17:00:00', 5, 1, '18:56:00'),
(500, '2023-03-09', '19:10:00', 5, 12, '20:38:00'),
(501, '2023-03-09', '17:00:00', 6, 11, '18:30:00'),
(502, '2023-03-09', '18:45:00', 6, 13, '20:34:00'),
(503, '2023-03-09', '17:00:00', 7, 8, '18:57:00'),
(504, '2023-03-09', '19:10:00', 7, 11, '20:44:00'),
(505, '2023-03-09', '17:00:00', 8, 5, '19:22:00'),
(506, '2023-03-09', '19:30:00', 8, 14, '21:56:00'),
(507, '2023-03-09', '17:00:00', 9, 2, '20:17:00'),
(508, '2023-03-09', '20:30:00', 9, 12, '21:58:00'),
(509, '2023-03-09', '17:00:00', 10, 3, '19:22:00'),
(510, '2023-03-09', '19:35:00', 10, 8, '21:32:00'),
(511, '2023-03-09', '17:00:00', 11, 14, '19:26:00'),
(512, '2023-03-09', '19:40:00', 11, 8, '21:37:00'),
(513, '2023-03-09', '17:00:00', 12, 7, '18:55:00'),
(514, '2023-03-09', '19:10:00', 12, 9, '20:40:00'),
(515, '2023-03-10', '17:00:00', 1, 10, '18:59:00'),
(516, '2023-03-10', '17:00:00', 2, 3, '19:22:00'),
(517, '2023-03-10', '19:35:00', 2, 15, '22:10:00'),
(518, '2023-03-10', '17:00:00', 3, 10, '18:59:00'),
(519, '2023-03-10', '19:10:00', 3, 13, '20:10:00'),
(520, '2023-03-10', '17:00:00', 4, 3, '18:49:00'),
(521, '2023-03-10', '17:00:00', 5, 4, '19:13:00'),
(522, '2023-03-10', '19:25:00', 5, 3, '21:47:00'),
(523, '2023-03-10', '17:00:00', 6, 9, '18:30:00'),
(524, '2023-03-10', '18:45:00', 6, 4, '20:58:00'),
(525, '2023-03-10', '17:00:00', 7, 7, '18:55:00'),
(526, '2023-03-10', '19:10:00', 7, 8, '21:09:00'),
(527, '2023-03-10', '17:00:00', 8, 10, '18:59:00'),
(528, '2023-03-10', '19:10:00', 8, 7, '19:05:00'),
(529, '2023-03-10', '17:00:00', 9, 16, '18:50:00'),
(530, '2023-03-10', '19:10:00', 9, 9, '20:40:00'),
(531, '2023-03-10', '17:00:00', 10, 12, '18:28:00'),
(532, '2023-03-10', '18:40:00', 10, 1, '20:36:00'),
(533, '2023-03-10', '20:50:00', 10, 12, '22:18:00'),
(534, '2023-03-10', '17:00:00', 11, 11, '18:34:00'),
(535, '2023-03-10', '18:50:00', 11, 4, '21:03:00'),
(536, '2023-03-10', '17:00:00', 12, 15, '19:35:00'),
(537, '2023-03-10', '19:45:00', 12, 16, '21:35:00'),
(538, '2023-03-11', '17:00:00', 1, 12, '18:28:00'),
(539, '2023-03-11', '18:45:00', 1, 8, '20:42:00'),
(540, '2023-03-11', '20:50:00', 1, 11, '22:24:00'),
(541, '2023-03-11', '17:00:00', 2, 9, '18:30:00'),
(542, '2023-03-11', '18:45:00', 2, 1, '20:24:00'),
(543, '2023-03-11', '20:40:00', 2, 6, '21:55:00'),
(544, '2023-03-11', '17:00:00', 3, 11, '18:34:00'),
(545, '2023-03-11', '18:45:00', 3, 3, '21:07:00'),
(546, '2023-03-11', '17:00:00', 4, 1, '18:56:00'),
(547, '2023-03-11', '19:10:00', 4, 12, '20:48:00'),
(548, '2023-03-11', '17:00:00', 5, 3, '19:22:00'),
(549, '2023-03-11', '19:35:00', 5, 11, '21:44:00'),
(550, '2023-03-11', '17:00:00', 6, 10, '18:59:00'),
(551, '2023-03-11', '19:10:00', 6, 4, '21:43:00'),
(552, '2023-03-11', '17:00:00', 7, 12, '18:28:00'),
(553, '2023-03-11', '18:45:00', 7, 10, '20:44:00'),
(554, '2023-03-11', '17:00:00', 8, 11, '18:34:00'),
(555, '2023-03-11', '18:50:00', 8, 3, '21:12:00'),
(556, '2023-03-11', '17:00:00', 9, 9, '18:30:00'),
(557, '2023-03-11', '18:45:00', 9, 12, '20:13:00'),
(558, '2023-03-11', '20:25:00', 9, 13, '22:14:00'),
(559, '2023-03-11', '17:00:00', 10, 11, '18:34:00'),
(560, '2023-03-11', '18:50:00', 10, 15, '21:25:00'),
(561, '2023-03-11', '17:00:00', 11, 14, '19:26:00'),
(562, '2023-03-11', '19:40:00', 11, 3, '22:02:00'),
(563, '2023-03-11', '17:00:00', 12, 12, '18:28:00'),
(564, '2023-03-11', '18:45:00', 12, 13, '20:44:00'),
(565, '2023-03-13', '17:00:00', 1, 4, '19:13:00'),
(566, '2023-03-13', '19:30:00', 1, 4, '21:43:00'),
(567, '2023-03-13', '17:00:00', 2, 13, '18:49:00'),
(568, '2023-03-13', '19:00:00', 2, 5, '21:22:00'),
(569, '2023-03-13', '17:00:00', 3, 11, '18:34:00'),
(570, '2023-03-13', '18:45:00', 3, 15, '21:20:00'),
(571, '2023-03-13', '17:00:00', 4, 15, '19:35:00'),
(572, '2023-03-13', '20:00:00', 4, 1, '21:56:00'),
(573, '2023-03-13', '17:00:00', 5, 7, '18:55:00'),
(574, '2023-03-13', '19:10:00', 5, 14, '21:36:00'),
(575, '2023-03-13', '17:00:00', 6, 2, '20:17:00'),
(576, '2023-03-13', '20:30:00', 6, 6, '21:45:00'),
(577, '2023-03-13', '17:00:00', 7, 3, '19:22:00'),
(578, '2023-03-13', '19:30:00', 7, 13, '21:19:00'),
(579, '2023-03-13', '17:00:00', 8, 4, '19:13:00'),
(580, '2023-03-13', '19:30:00', 8, 8, '21:27:00'),
(581, '2023-03-13', '17:00:00', 9, 6, '18:15:00'),
(582, '2023-03-13', '18:25:00', 9, 15, '21:00:00'),
(583, '2023-03-13', '17:00:00', 10, 13, '18:49:00'),
(584, '2023-03-13', '19:00:00', 10, 11, '20:34:00'),
(585, '2023-03-13', '17:00:00', 11, 9, '18:30:00'),
(586, '2023-03-13', '18:45:00', 11, 15, '21:15:00'),
(587, '2023-03-13', '17:00:00', 12, 11, '18:34:00'),
(588, '2023-03-13', '19:00:00', 12, 8, '20:57:00'),
(589, '2023-03-14', '17:00:00', 1, 10, '18:59:00'),
(590, '2023-03-14', '19:11:00', 1, 4, '21:24:00'),
(591, '2023-03-14', '17:00:00', 2, 4, '19:13:00'),
(592, '2023-03-14', '19:30:00', 3, 14, '21:56:00'),
(593, '2023-03-14', '17:00:00', 4, 14, '19:26:00'),
(594, '2023-03-14', '19:45:00', 4, 1, '21:41:00'),
(595, '2023-03-14', '17:00:00', 5, 8, '18:57:00'),
(596, '2023-03-14', '19:10:00', 5, 16, '21:00:00'),
(597, '2023-03-14', '17:00:00', 6, 2, '20:17:00'),
(598, '2023-03-14', '17:00:00', 7, 1, '18:56:00'),
(599, '2023-03-14', '19:10:00', 7, 9, '20:40:00'),
(600, '2023-03-14', '17:00:00', 8, 7, '18:55:00'),
(601, '2023-03-14', '19:11:00', 8, 16, '21:01:00'),
(602, '2023-03-14', '17:00:00', 9, 14, '19:26:00'),
(603, '2023-03-14', '19:38:00', 9, 5, '22:00:00'),
(604, '2023-03-14', '17:00:00', 10, 16, '18:50:00'),
(605, '2023-03-14', '19:10:00', 10, 9, '20:40:00'),
(606, '2023-03-14', '17:00:00', 11, 13, '18:49:00'),
(607, '2023-03-14', '19:00:00', 11, 14, '21:26:00'),
(608, '2023-03-14', '17:00:00', 12, 7, '18:55:00'),
(609, '2023-03-14', '19:12:00', 12, 3, '21:34:00'),
(610, '2023-03-15', '17:00:00', 1, 7, '18:55:00'),
(611, '2023-03-15', '19:10:00', 1, 16, '21:00:00'),
(612, '2023-03-15', '17:00:00', 2, 12, '18:28:00'),
(613, '2023-03-15', '18:45:00', 2, 3, '21:07:00'),
(614, '2023-03-15', '17:00:00', 3, 8, '18:57:00'),
(615, '2023-03-15', '19:15:00', 3, 14, '21:41:00'),
(616, '2023-03-15', '17:00:00', 4, 8, '18:57:00'),
(617, '2023-03-15', '19:11:00', 4, 13, '21:00:00'),
(618, '2023-03-15', '17:00:00', 5, 11, '19:34:00'),
(619, '2023-03-15', '19:45:00', 5, 4, '21:58:00'),
(620, '2023-03-15', '17:00:00', 6, 2, '20:17:00'),
(621, '2023-03-15', '20:30:00', 6, 15, '22:35:00'),
(622, '2023-03-15', '17:00:00', 7, 10, '18:59:00'),
(623, '2023-03-15', '19:15:00', 7, 8, '21:12:00'),
(624, '2023-03-15', '17:00:00', 8, 4, '19:13:00'),
(625, '2023-03-15', '19:25:00', 8, 6, '20:40:00'),
(626, '2023-03-15', '17:00:00', 9, 2, '20:17:00'),
(627, '2023-03-15', '17:00:00', 10, 10, '18:59:00'),
(628, '2023-03-15', '19:15:00', 10, 7, '21:14:00'),
(629, '2023-03-15', '17:00:00', 11, 13, '18:49:00'),
(630, '2023-03-15', '19:00:00', 11, 14, '21:26:00'),
(631, '2023-03-15', '17:00:00', 12, 10, '18:59:00'),
(632, '2023-03-16', '17:00:00', 1, 6, '18:15:00'),
(633, '2023-03-16', '18:25:00', 1, 5, '20:47:00'),
(634, '2023-03-16', '17:00:00', 2, 1, '18:56:00'),
(635, '2023-03-16', '19:10:00', 2, 9, '20:40:00'),
(636, '2023-03-16', '17:00:00', 3, 15, '18:35:00'),
(637, '2023-03-16', '18:50:00', 3, 7, '20:45:00'),
(638, '2023-03-16', '17:00:00', 4, 12, '18:28:00'),
(639, '2023-03-16', '18:45:00', 4, 6, '20:00:00'),
(640, '2023-03-16', '17:00:00', 5, 1, '18:56:00'),
(641, '2023-03-16', '19:10:00', 5, 12, '20:38:00'),
(642, '2023-03-16', '17:00:00', 6, 11, '18:30:00'),
(643, '2023-03-16', '18:45:00', 6, 13, '20:34:00'),
(644, '2023-03-16', '17:00:00', 7, 8, '18:57:00'),
(645, '2023-03-16', '19:10:00', 7, 11, '20:44:00'),
(646, '2023-03-16', '17:00:00', 8, 5, '19:22:00'),
(647, '2023-03-16', '19:30:00', 8, 14, '21:56:00'),
(648, '2023-03-16', '17:00:00', 9, 2, '20:17:00'),
(649, '2023-03-16', '20:30:00', 9, 12, '21:58:00'),
(650, '2023-03-16', '17:00:00', 10, 3, '19:22:00'),
(651, '2023-03-16', '19:35:00', 10, 8, '21:32:00'),
(652, '2023-03-16', '17:00:00', 11, 14, '19:26:00'),
(653, '2023-03-16', '19:40:00', 11, 8, '21:37:00'),
(654, '2023-03-16', '17:00:00', 12, 7, '18:55:00'),
(655, '2023-03-16', '19:10:00', 12, 9, '20:40:00'),
(656, '2023-03-17', '17:00:00', 1, 10, '18:59:00'),
(657, '2023-03-17', '17:00:00', 2, 3, '19:22:00'),
(658, '2023-03-17', '19:35:00', 2, 15, '22:10:00'),
(659, '2023-03-17', '17:00:00', 3, 10, '18:59:00'),
(660, '2023-03-17', '19:10:00', 3, 13, '20:10:00'),
(661, '2023-03-17', '17:00:00', 4, 3, '18:49:00'),
(662, '2023-03-17', '17:00:00', 5, 4, '19:13:00'),
(663, '2023-03-17', '19:25:00', 5, 3, '21:47:00'),
(664, '2023-03-17', '17:00:00', 6, 9, '18:30:00'),
(665, '2023-03-17', '18:45:00', 6, 4, '20:58:00'),
(666, '2023-03-17', '17:00:00', 7, 7, '18:55:00'),
(667, '2023-03-17', '19:10:00', 7, 8, '21:09:00'),
(668, '2023-03-17', '17:00:00', 8, 10, '18:59:00'),
(669, '2023-03-17', '19:10:00', 8, 7, '19:05:00'),
(670, '2023-03-17', '17:00:00', 9, 16, '18:50:00'),
(671, '2023-03-17', '19:10:00', 9, 9, '20:40:00'),
(672, '2023-03-17', '17:00:00', 10, 12, '18:28:00'),
(673, '2023-03-17', '18:40:00', 10, 1, '20:36:00'),
(674, '2023-03-17', '20:50:00', 10, 12, '22:18:00'),
(675, '2023-03-17', '17:00:00', 11, 11, '18:34:00'),
(676, '2023-03-17', '18:50:00', 11, 4, '21:03:00'),
(677, '2023-03-17', '17:00:00', 12, 15, '19:35:00'),
(678, '2023-03-17', '19:45:00', 12, 16, '21:35:00'),
(679, '2023-03-18', '17:00:00', 1, 12, '18:28:00'),
(680, '2023-03-18', '18:45:00', 1, 8, '20:42:00'),
(681, '2023-03-18', '20:50:00', 1, 11, '22:24:00'),
(682, '2023-03-18', '17:00:00', 2, 9, '18:30:00'),
(683, '2023-03-18', '18:45:00', 2, 1, '20:24:00'),
(684, '2023-03-18', '20:40:00', 2, 6, '21:55:00'),
(685, '2023-03-18', '17:00:00', 3, 11, '18:34:00'),
(686, '2023-03-18', '18:45:00', 3, 3, '21:07:00'),
(687, '2023-03-18', '17:00:00', 4, 1, '18:56:00'),
(688, '2023-03-18', '19:10:00', 4, 12, '20:48:00'),
(689, '2023-03-18', '17:00:00', 5, 3, '19:22:00'),
(690, '2023-03-18', '19:35:00', 5, 11, '21:44:00'),
(691, '2023-03-18', '17:00:00', 6, 10, '18:59:00'),
(692, '2023-03-18', '19:10:00', 6, 4, '21:43:00'),
(693, '2023-03-18', '17:00:00', 7, 12, '18:28:00'),
(694, '2023-03-18', '18:45:00', 7, 10, '20:44:00'),
(695, '2023-03-18', '17:00:00', 8, 11, '18:34:00'),
(696, '2023-03-18', '18:50:00', 8, 3, '21:12:00'),
(697, '2023-03-18', '17:00:00', 9, 9, '18:30:00'),
(698, '2023-03-18', '18:45:00', 9, 12, '20:13:00'),
(699, '2023-03-18', '20:25:00', 9, 13, '22:14:00'),
(700, '2023-03-18', '17:00:00', 10, 11, '18:34:00'),
(701, '2023-03-18', '18:50:00', 10, 15, '21:25:00'),
(702, '2023-03-18', '17:00:00', 11, 14, '19:26:00'),
(703, '2023-03-18', '19:40:00', 11, 3, '22:02:00'),
(704, '2023-03-18', '17:00:00', 12, 12, '18:28:00'),
(705, '2023-03-18', '18:45:00', 12, 13, '20:44:00'),
(706, '2023-03-20', '17:00:00', 1, 4, '19:13:00'),
(707, '2023-03-20', '19:30:00', 1, 4, '21:43:00'),
(708, '2023-03-20', '17:00:00', 2, 13, '18:49:00'),
(709, '2023-03-20', '19:00:00', 2, 5, '21:22:00'),
(710, '2023-03-20', '17:00:00', 3, 11, '18:34:00'),
(711, '2023-03-20', '18:45:00', 3, 15, '21:20:00'),
(712, '2023-03-20', '17:00:00', 4, 15, '19:35:00'),
(713, '2023-03-20', '20:00:00', 4, 1, '21:56:00'),
(714, '2023-03-20', '17:00:00', 5, 7, '18:55:00'),
(715, '2023-03-20', '19:10:00', 5, 14, '21:36:00'),
(716, '2023-03-20', '17:00:00', 6, 2, '20:17:00'),
(717, '2023-03-20', '20:30:00', 6, 6, '21:45:00'),
(718, '2023-03-20', '17:00:00', 7, 3, '19:22:00'),
(719, '2023-03-20', '19:30:00', 7, 13, '21:19:00'),
(720, '2023-03-20', '17:00:00', 8, 4, '19:13:00'),
(721, '2023-03-20', '19:30:00', 8, 8, '21:27:00'),
(722, '2023-03-20', '17:00:00', 9, 6, '18:15:00'),
(723, '2023-03-20', '18:25:00', 9, 15, '21:00:00'),
(724, '2023-03-20', '17:00:00', 10, 13, '18:49:00'),
(725, '2023-03-20', '19:00:00', 10, 11, '20:34:00'),
(726, '2023-03-20', '17:00:00', 11, 9, '18:30:00'),
(727, '2023-03-20', '18:45:00', 11, 15, '21:15:00'),
(728, '2023-03-20', '17:00:00', 12, 11, '18:34:00'),
(729, '2023-03-20', '19:00:00', 12, 8, '20:57:00'),
(730, '2023-03-21', '17:00:00', 1, 10, '18:59:00'),
(731, '2023-03-21', '19:11:00', 1, 4, '21:24:00'),
(732, '2023-03-21', '17:00:00', 2, 4, '19:13:00'),
(733, '2023-03-21', '19:30:00', 3, 14, '21:56:00'),
(734, '2023-03-21', '17:00:00', 4, 14, '19:26:00'),
(735, '2023-03-21', '19:45:00', 4, 1, '21:41:00'),
(736, '2023-03-21', '17:00:00', 5, 8, '18:57:00'),
(737, '2023-03-21', '19:10:00', 5, 16, '21:00:00'),
(738, '2023-03-21', '17:00:00', 6, 2, '20:17:00'),
(739, '2023-03-21', '17:00:00', 7, 1, '18:56:00'),
(740, '2023-03-21', '19:10:00', 7, 9, '20:40:00'),
(741, '2023-03-21', '17:00:00', 8, 7, '18:55:00'),
(742, '2023-03-21', '19:11:00', 8, 16, '21:01:00'),
(743, '2023-03-21', '17:00:00', 9, 14, '19:26:00'),
(744, '2023-03-21', '19:38:00', 9, 5, '22:00:00'),
(745, '2023-03-21', '17:00:00', 10, 16, '18:50:00'),
(746, '2023-03-21', '19:10:00', 10, 9, '20:40:00'),
(747, '2023-03-21', '17:00:00', 11, 13, '18:49:00'),
(748, '2023-03-21', '19:00:00', 11, 14, '21:26:00'),
(749, '2023-03-21', '17:00:00', 12, 7, '18:55:00'),
(750, '2023-03-21', '19:12:00', 12, 3, '21:34:00'),
(751, '2023-03-22', '17:00:00', 1, 7, '18:55:00'),
(752, '2023-03-22', '19:10:00', 1, 16, '21:00:00'),
(753, '2023-03-22', '17:00:00', 2, 12, '18:28:00'),
(754, '2023-03-22', '18:45:00', 2, 3, '21:07:00'),
(755, '2023-03-22', '17:00:00', 3, 8, '18:57:00'),
(756, '2023-03-22', '19:15:00', 3, 14, '21:41:00'),
(757, '2023-03-22', '17:00:00', 4, 8, '18:57:00'),
(758, '2023-03-22', '19:11:00', 4, 13, '21:00:00'),
(759, '2023-03-22', '17:00:00', 5, 11, '19:34:00'),
(760, '2023-03-22', '19:45:00', 5, 4, '21:58:00'),
(761, '2023-03-22', '17:00:00', 6, 2, '20:17:00'),
(762, '2023-03-22', '20:30:00', 6, 15, '22:35:00'),
(763, '2023-03-22', '17:00:00', 7, 10, '18:59:00'),
(764, '2023-03-22', '19:15:00', 7, 8, '21:12:00'),
(765, '2023-03-22', '17:00:00', 8, 4, '19:13:00'),
(766, '2023-03-22', '19:25:00', 8, 6, '20:40:00'),
(767, '2023-03-22', '17:00:00', 9, 2, '20:17:00'),
(768, '2023-03-22', '17:00:00', 10, 10, '18:59:00'),
(769, '2023-03-22', '19:15:00', 10, 7, '21:14:00'),
(770, '2023-03-22', '17:00:00', 11, 13, '18:49:00'),
(771, '2023-03-22', '19:00:00', 11, 14, '21:26:00'),
(772, '2023-03-22', '17:00:00', 12, 10, '18:59:00'),
(773, '2023-03-23', '17:00:00', 1, 6, '18:15:00'),
(774, '2023-03-23', '18:25:00', 1, 5, '20:47:00'),
(775, '2023-03-23', '17:00:00', 2, 1, '18:56:00'),
(776, '2023-03-23', '19:10:00', 2, 9, '20:40:00'),
(777, '2023-03-23', '17:00:00', 3, 15, '18:35:00'),
(778, '2023-03-23', '18:50:00', 3, 7, '20:45:00'),
(779, '2023-03-23', '17:00:00', 4, 12, '18:28:00'),
(780, '2023-03-23', '18:45:00', 4, 6, '20:00:00'),
(781, '2023-03-23', '17:00:00', 5, 1, '18:56:00'),
(782, '2023-03-23', '19:10:00', 5, 12, '20:38:00'),
(783, '2023-03-23', '17:00:00', 6, 11, '18:30:00'),
(784, '2023-03-23', '18:45:00', 6, 13, '20:34:00'),
(785, '2023-03-23', '17:00:00', 7, 8, '18:57:00'),
(786, '2023-03-23', '19:10:00', 7, 11, '20:44:00'),
(787, '2023-03-23', '17:00:00', 8, 5, '19:22:00'),
(788, '2023-03-23', '19:30:00', 8, 14, '21:56:00'),
(789, '2023-03-23', '17:00:00', 9, 2, '20:17:00'),
(790, '2023-03-23', '20:30:00', 9, 12, '21:58:00'),
(791, '2023-03-23', '17:00:00', 10, 3, '19:22:00'),
(792, '2023-03-23', '19:35:00', 10, 8, '21:32:00'),
(793, '2023-03-23', '17:00:00', 11, 14, '19:26:00'),
(794, '2023-03-23', '19:40:00', 11, 8, '21:37:00'),
(795, '2023-03-23', '17:00:00', 12, 7, '18:55:00'),
(796, '2023-03-23', '19:10:00', 12, 9, '20:40:00'),
(797, '2023-03-24', '17:00:00', 1, 10, '18:59:00'),
(798, '2023-03-24', '17:00:00', 2, 3, '19:22:00'),
(799, '2023-03-24', '19:35:00', 2, 15, '22:10:00'),
(800, '2023-03-24', '17:00:00', 3, 10, '18:59:00'),
(801, '2023-03-24', '19:10:00', 3, 13, '20:10:00'),
(802, '2023-03-24', '17:00:00', 4, 3, '18:49:00'),
(803, '2023-03-24', '17:00:00', 5, 4, '19:13:00'),
(804, '2023-03-24', '19:25:00', 5, 3, '21:47:00'),
(805, '2023-03-24', '17:00:00', 6, 9, '18:30:00'),
(806, '2023-03-24', '18:45:00', 6, 4, '20:58:00'),
(807, '2023-03-24', '17:00:00', 7, 7, '18:55:00'),
(808, '2023-03-24', '19:10:00', 7, 8, '21:09:00'),
(809, '2023-03-24', '17:00:00', 8, 10, '18:59:00'),
(810, '2023-03-24', '19:10:00', 8, 7, '19:05:00'),
(811, '2023-03-24', '17:00:00', 9, 16, '18:50:00'),
(812, '2023-03-24', '19:10:00', 9, 9, '20:40:00'),
(813, '2023-03-24', '17:00:00', 10, 12, '18:28:00'),
(814, '2023-03-24', '18:40:00', 10, 1, '20:36:00'),
(815, '2023-03-24', '20:50:00', 10, 12, '22:18:00'),
(816, '2023-03-24', '17:00:00', 11, 11, '18:34:00'),
(817, '2023-03-24', '18:50:00', 11, 4, '21:03:00'),
(818, '2023-03-24', '17:00:00', 12, 15, '19:35:00'),
(819, '2023-03-24', '19:45:00', 12, 16, '21:35:00'),
(820, '2023-03-25', '17:00:00', 1, 12, '18:28:00'),
(821, '2023-03-25', '18:45:00', 1, 8, '20:42:00'),
(822, '2023-03-25', '20:50:00', 1, 11, '22:24:00'),
(823, '2023-03-25', '17:00:00', 2, 9, '18:30:00'),
(824, '2023-03-25', '18:45:00', 2, 1, '20:24:00'),
(825, '2023-03-25', '20:40:00', 2, 6, '21:55:00'),
(826, '2023-03-25', '17:00:00', 3, 11, '18:34:00'),
(827, '2023-03-25', '18:45:00', 3, 3, '21:07:00'),
(828, '2023-03-25', '17:00:00', 4, 1, '18:56:00'),
(829, '2023-03-25', '19:10:00', 4, 12, '20:48:00'),
(830, '2023-03-25', '17:00:00', 5, 3, '19:22:00'),
(831, '2023-03-25', '19:35:00', 5, 11, '21:44:00'),
(832, '2023-03-25', '17:00:00', 6, 10, '18:59:00'),
(833, '2023-03-25', '19:10:00', 6, 4, '21:43:00'),
(834, '2023-03-25', '17:00:00', 7, 12, '18:28:00'),
(835, '2023-03-25', '18:45:00', 7, 10, '20:44:00'),
(836, '2023-03-25', '17:00:00', 8, 11, '18:34:00'),
(837, '2023-03-25', '18:50:00', 8, 3, '21:12:00'),
(838, '2023-03-25', '17:00:00', 9, 9, '18:30:00'),
(839, '2023-03-25', '18:45:00', 9, 12, '20:13:00'),
(840, '2023-03-25', '20:25:00', 9, 13, '22:14:00'),
(841, '2023-03-25', '17:00:00', 10, 11, '18:34:00'),
(842, '2023-03-25', '18:50:00', 10, 15, '21:25:00'),
(843, '2023-03-25', '17:00:00', 11, 14, '19:26:00'),
(844, '2023-03-25', '19:40:00', 11, 3, '22:02:00'),
(845, '2023-03-25', '17:00:00', 12, 12, '18:28:00'),
(846, '2023-03-25', '18:45:00', 12, 13, '20:44:00'),
(847, '2023-03-27', '17:00:00', 1, 4, '19:13:00'),
(848, '2023-03-27', '19:30:00', 1, 4, '21:43:00'),
(849, '2023-03-27', '17:00:00', 2, 13, '18:49:00'),
(850, '2023-03-27', '19:00:00', 2, 5, '21:22:00'),
(851, '2023-03-27', '17:00:00', 3, 11, '18:34:00'),
(852, '2023-03-27', '18:45:00', 3, 15, '21:20:00'),
(853, '2023-03-27', '17:00:00', 4, 15, '19:35:00'),
(854, '2023-03-27', '20:00:00', 4, 1, '21:56:00'),
(855, '2023-03-27', '17:00:00', 5, 7, '18:55:00'),
(856, '2023-03-27', '19:10:00', 5, 14, '21:36:00'),
(857, '2023-03-27', '17:00:00', 6, 2, '20:17:00'),
(858, '2023-03-27', '20:30:00', 6, 6, '21:45:00'),
(859, '2023-03-27', '17:00:00', 7, 3, '19:22:00'),
(860, '2023-03-27', '19:30:00', 7, 13, '21:19:00'),
(861, '2023-03-27', '17:00:00', 8, 4, '19:13:00'),
(862, '2023-03-27', '19:30:00', 8, 8, '21:27:00'),
(863, '2023-03-27', '17:00:00', 9, 6, '18:15:00'),
(864, '2023-03-27', '18:25:00', 9, 15, '21:00:00'),
(865, '2023-03-27', '17:00:00', 10, 13, '18:49:00'),
(866, '2023-03-27', '19:00:00', 10, 11, '20:34:00'),
(867, '2023-03-27', '17:00:00', 11, 9, '18:30:00'),
(868, '2023-03-27', '18:45:00', 11, 15, '21:15:00'),
(869, '2023-03-27', '17:00:00', 12, 11, '18:34:00'),
(870, '2023-03-27', '19:00:00', 12, 8, '20:57:00'),
(871, '2023-03-28', '17:00:00', 1, 10, '18:59:00'),
(872, '2023-03-28', '19:11:00', 1, 4, '21:24:00'),
(873, '2023-03-28', '17:00:00', 2, 4, '19:13:00'),
(874, '2023-03-28', '19:30:00', 3, 14, '21:56:00'),
(875, '2023-03-28', '17:00:00', 4, 14, '19:26:00'),
(876, '2023-03-28', '19:45:00', 4, 1, '21:41:00'),
(877, '2023-03-28', '17:00:00', 5, 8, '18:57:00'),
(878, '2023-03-28', '19:10:00', 5, 16, '21:00:00'),
(879, '2023-03-28', '17:00:00', 6, 2, '20:17:00'),
(880, '2023-03-28', '17:00:00', 7, 1, '18:56:00'),
(881, '2023-03-28', '19:10:00', 7, 9, '20:40:00'),
(882, '2023-03-28', '17:00:00', 8, 7, '18:55:00'),
(883, '2023-03-28', '19:11:00', 8, 16, '21:01:00'),
(884, '2023-03-28', '17:00:00', 9, 14, '19:26:00'),
(885, '2023-03-28', '19:38:00', 9, 5, '22:00:00'),
(886, '2023-03-28', '17:00:00', 10, 16, '18:50:00'),
(887, '2023-03-28', '19:10:00', 10, 9, '20:40:00'),
(888, '2023-03-28', '17:00:00', 11, 13, '18:49:00'),
(889, '2023-03-28', '19:00:00', 11, 14, '21:26:00'),
(890, '2023-03-28', '17:00:00', 12, 7, '18:55:00'),
(891, '2023-03-28', '19:12:00', 12, 3, '21:34:00'),
(892, '2023-03-29', '17:00:00', 1, 7, '18:55:00'),
(893, '2023-03-29', '19:10:00', 1, 16, '21:00:00'),
(894, '2023-03-29', '17:00:00', 2, 12, '18:28:00'),
(895, '2023-03-29', '18:45:00', 2, 3, '21:07:00'),
(896, '2023-03-29', '17:00:00', 3, 8, '18:57:00'),
(897, '2023-03-29', '19:15:00', 3, 14, '21:41:00'),
(898, '2023-03-29', '17:00:00', 4, 8, '18:57:00'),
(899, '2023-03-29', '19:11:00', 4, 13, '21:00:00'),
(900, '2023-03-29', '17:00:00', 5, 11, '19:34:00'),
(901, '2023-03-29', '19:45:00', 5, 4, '21:58:00'),
(902, '2023-03-29', '17:00:00', 6, 2, '20:17:00'),
(903, '2023-03-29', '20:30:00', 6, 15, '22:35:00'),
(904, '2023-03-29', '17:00:00', 7, 10, '18:59:00'),
(905, '2023-03-29', '19:15:00', 7, 8, '21:12:00'),
(906, '2023-03-29', '17:00:00', 8, 4, '19:13:00'),
(907, '2023-03-29', '19:25:00', 8, 6, '20:40:00'),
(908, '2023-03-29', '17:00:00', 9, 2, '20:17:00'),
(909, '2023-03-29', '17:00:00', 10, 10, '18:59:00'),
(910, '2023-03-29', '19:15:00', 10, 7, '21:14:00'),
(911, '2023-03-29', '17:00:00', 11, 13, '18:49:00'),
(912, '2023-03-29', '19:00:00', 11, 14, '21:26:00'),
(913, '2023-03-29', '17:00:00', 12, 10, '18:59:00'),
(914, '2023-03-30', '17:00:00', 1, 6, '18:15:00'),
(915, '2023-03-30', '18:25:00', 1, 5, '20:47:00'),
(916, '2023-03-30', '17:00:00', 2, 1, '18:56:00'),
(917, '2023-03-30', '19:10:00', 2, 9, '20:40:00'),
(918, '2023-03-30', '17:00:00', 3, 15, '18:35:00'),
(919, '2023-03-30', '18:50:00', 3, 7, '20:45:00'),
(920, '2023-03-30', '17:00:00', 4, 12, '18:28:00'),
(921, '2023-03-30', '18:45:00', 4, 6, '20:00:00'),
(922, '2023-03-30', '17:00:00', 5, 1, '18:56:00'),
(923, '2023-03-30', '19:10:00', 5, 12, '20:38:00'),
(924, '2023-03-30', '17:00:00', 6, 11, '18:30:00'),
(925, '2023-03-30', '18:45:00', 6, 13, '20:34:00'),
(926, '2023-03-30', '17:00:00', 7, 8, '18:57:00'),
(927, '2023-03-30', '19:10:00', 7, 11, '20:44:00'),
(928, '2023-03-30', '17:00:00', 8, 5, '19:22:00'),
(929, '2023-03-30', '19:30:00', 8, 14, '21:56:00'),
(930, '2023-03-30', '17:00:00', 9, 2, '20:17:00'),
(931, '2023-03-30', '20:30:00', 9, 12, '21:58:00'),
(932, '2023-03-30', '17:00:00', 10, 3, '19:22:00'),
(933, '2023-03-30', '19:35:00', 10, 8, '21:32:00'),
(934, '2023-03-30', '17:00:00', 11, 14, '19:26:00'),
(935, '2023-03-30', '19:40:00', 11, 8, '21:37:00'),
(936, '2023-03-30', '17:00:00', 12, 7, '18:55:00'),
(937, '2023-03-30', '19:10:00', 12, 9, '20:40:00'),
(938, '2023-03-31', '17:00:00', 1, 10, '18:59:00'),
(939, '2023-03-31', '17:00:00', 2, 3, '19:22:00'),
(940, '2023-03-31', '19:35:00', 2, 15, '22:10:00'),
(941, '2023-03-31', '17:00:00', 3, 10, '18:59:00'),
(942, '2023-03-31', '19:10:00', 3, 13, '20:10:00'),
(943, '2023-03-31', '17:00:00', 4, 3, '18:49:00'),
(944, '2023-03-31', '17:00:00', 5, 4, '19:13:00'),
(945, '2023-03-31', '19:25:00', 5, 3, '21:47:00'),
(946, '2023-03-31', '17:00:00', 6, 9, '18:30:00'),
(947, '2023-03-31', '18:45:00', 6, 4, '20:58:00'),
(948, '2023-03-31', '17:00:00', 7, 7, '18:55:00'),
(949, '2023-03-31', '19:10:00', 7, 8, '21:09:00'),
(950, '2023-03-31', '17:00:00', 8, 10, '18:59:00'),
(951, '2023-03-31', '19:10:00', 8, 7, '19:05:00'),
(952, '2023-03-31', '17:00:00', 9, 16, '18:50:00'),
(953, '2023-03-31', '19:10:00', 9, 9, '20:40:00'),
(954, '2023-03-31', '17:00:00', 10, 12, '18:28:00'),
(955, '2023-03-31', '18:40:00', 10, 1, '20:36:00'),
(956, '2023-03-31', '20:50:00', 10, 12, '22:18:00'),
(957, '2023-03-31', '17:00:00', 11, 11, '18:34:00'),
(958, '2023-03-31', '18:50:00', 11, 4, '21:03:00'),
(959, '2023-03-31', '17:00:00', 12, 15, '19:35:00'),
(960, '2023-03-31', '19:45:00', 12, 16, '21:35:00'),
(961, '2023-04-01', '17:00:00', 1, 12, '18:28:00'),
(962, '2023-04-01', '18:45:00', 1, 8, '20:42:00'),
(963, '2023-04-01', '20:50:00', 1, 11, '22:24:00'),
(964, '2023-04-01', '17:00:00', 2, 9, '18:30:00'),
(965, '2023-04-01', '18:45:00', 2, 1, '20:24:00'),
(966, '2023-04-01', '20:40:00', 2, 6, '21:55:00'),
(967, '2023-04-01', '17:00:00', 3, 11, '18:34:00'),
(968, '2023-04-01', '18:45:00', 3, 3, '21:07:00'),
(969, '2023-04-01', '17:00:00', 4, 1, '18:56:00'),
(970, '2023-04-01', '19:10:00', 4, 12, '20:48:00'),
(971, '2023-04-01', '17:00:00', 5, 3, '19:22:00'),
(972, '2023-04-01', '19:35:00', 5, 11, '21:44:00'),
(973, '2023-04-01', '17:00:00', 6, 10, '18:59:00'),
(974, '2023-04-01', '19:10:00', 6, 4, '21:43:00'),
(975, '2023-04-01', '17:00:00', 7, 12, '18:28:00'),
(976, '2023-04-01', '18:45:00', 7, 10, '20:44:00'),
(977, '2023-04-01', '17:00:00', 8, 11, '18:34:00'),
(978, '2023-04-01', '18:50:00', 8, 3, '21:12:00'),
(979, '2023-04-01', '17:00:00', 9, 9, '18:30:00'),
(980, '2023-04-01', '18:45:00', 9, 12, '20:13:00'),
(981, '2023-04-01', '20:25:00', 9, 13, '22:14:00'),
(982, '2023-04-01', '17:00:00', 10, 11, '18:34:00'),
(983, '2023-04-01', '18:50:00', 10, 15, '21:25:00'),
(984, '2023-04-01', '17:00:00', 11, 14, '19:26:00'),
(985, '2023-04-01', '19:40:00', 11, 3, '22:02:00'),
(986, '2023-04-01', '17:00:00', 12, 12, '18:28:00'),
(987, '2023-04-01', '18:45:00', 12, 13, '20:44:00');

-- --------------------------------------------------------

--
-- Estructura de tabla para la tabla `sarrera`
--

CREATE TABLE `sarrera` (
  `ID_Sarrera` int(11) NOT NULL,
  `erosketa_data` date NOT NULL,
  `erosketa_ordua` time NOT NULL,
  `ID_saioa` int(11) DEFAULT NULL
) ENGINE=InnoDB DEFAULT CHARSET=utf8mb4 COLLATE=utf8mb4_general_ci;

-- --------------------------------------------------------

--
-- Estructura de tabla para la tabla `zinema`
--

CREATE TABLE `zinema` (
  `ID_zinema` int(11) NOT NULL,
  `zinema_izena` varchar(100) NOT NULL,
  `zinema_helbide` varchar(150) NOT NULL
) ENGINE=InnoDB DEFAULT CHARSET=utf8mb4 COLLATE=utf8mb4_general_ci;

--
-- Volcado de datos para la tabla `zinema`
--

INSERT INTO `zinema` (`ID_zinema`, `zinema_izena`, `zinema_helbide`) VALUES
(1, 'Yelmo', 'Barakaldo'),
(2, 'Cinesa', 'Bilbo'),
(3, 'Golem', 'Bilbo'),
(4, 'Ocine', 'Dunkerque');

--
-- 칈ndices para tablas volcadas
--

--
-- Indices de la tabla `areto`
--
ALTER TABLE `areto`
  ADD PRIMARY KEY (`ID_areto`),
  ADD KEY `fk_ID_zinema` (`ID_zinema`);

--
-- Indices de la tabla `bezero`
--
ALTER TABLE `bezero`
  ADD PRIMARY KEY (`DNI`);

--
-- Indices de la tabla `film`
--
ALTER TABLE `film`
  ADD PRIMARY KEY (`ID_film`);

--
-- Indices de la tabla `saioa`
--
ALTER TABLE `saioa`
  ADD PRIMARY KEY (`ID_saioa`),
  ADD KEY `fk_ID_areto` (`ID_areto`),
  ADD KEY `fk_ID_film` (`ID_film`);

--
-- Indices de la tabla `sarrera`
--
ALTER TABLE `sarrera`
  ADD PRIMARY KEY (`ID_Sarrera`),
  ADD KEY `fk_id_saioa` (`ID_saioa`);

--
-- Indices de la tabla `zinema`
--
ALTER TABLE `zinema`
  ADD PRIMARY KEY (`ID_zinema`);

--
-- AUTO_INCREMENT de las tablas volcadas
--

--
-- AUTO_INCREMENT de la tabla `areto`
--
ALTER TABLE `areto`
  MODIFY `ID_areto` int(11) NOT NULL AUTO_INCREMENT, AUTO_INCREMENT=13;

--
-- AUTO_INCREMENT de la tabla `film`
--
ALTER TABLE `film`
  MODIFY `ID_film` int(11) NOT NULL AUTO_INCREMENT, AUTO_INCREMENT=17;

--
-- AUTO_INCREMENT de la tabla `saioa`
--
ALTER TABLE `saioa`
  MODIFY `ID_saioa` int(11) NOT NULL AUTO_INCREMENT, AUTO_INCREMENT=988;

--
-- AUTO_INCREMENT de la tabla `sarrera`
--
ALTER TABLE `sarrera`
  MODIFY `ID_Sarrera` int(11) NOT NULL AUTO_INCREMENT;

--
-- AUTO_INCREMENT de la tabla `zinema`
--
ALTER TABLE `zinema`
  MODIFY `ID_zinema` int(11) NOT NULL AUTO_INCREMENT, AUTO_INCREMENT=5;

--
-- Restricciones para tablas volcadas
--

--
-- Filtros para la tabla `areto`
--
ALTER TABLE `areto`
  ADD CONSTRAINT `fk_ID_zinema` FOREIGN KEY (`ID_zinema`) REFERENCES `zinema` (`ID_zinema`) ON DELETE CASCADE;

--
-- Filtros para la tabla `saioa`
--
ALTER TABLE `saioa`
  ADD CONSTRAINT `fk_ID_areto` FOREIGN KEY (`ID_areto`) REFERENCES `areto` (`ID_areto`) ON DELETE CASCADE,
  ADD CONSTRAINT `fk_ID_film` FOREIGN KEY (`ID_film`) REFERENCES `film` (`ID_film`) ON DELETE CASCADE;

--
-- Filtros para la tabla `sarrera`
--
ALTER TABLE `sarrera`
  ADD CONSTRAINT `fk_id_saioa` FOREIGN KEY (`ID_saioa`) REFERENCES `saioa` (`ID_saioa`) ON DELETE CASCADE;
COMMIT;

/*!40101 SET CHARACTER_SET_CLIENT=@OLD_CHARACTER_SET_CLIENT */;
/*!40101 SET CHARACTER_SET_RESULTS=@OLD_CHARACTER_SET_RESULTS */;
/*!40101 SET COLLATION_CONNECTION=@OLD_COLLATION_CONNECTION */;
